No,opt,1,2,3,4,5,6,7,8,9,10,11,12,13,14,15,16,17,18,19,20,21,22,23,24,25,26,27,28,29,30,31,32,33,34,35,36,37,38,39,40,41,42,43,44,45,46,47,48,49,50,51,52,53,54,55,56,57,58,59,60
1,453,22,14,58,7,49,20,9,18,51,21,50,4,38,46,11,17,31,56,44,26,36,43,25,28,3,42,32,0,30,34,12,37,39,5,47,8,23,1,10,35,2,6,53,29,59,24,48,52,57,45,55,13,41,27,15,16,19,33,40,54
2,4794,25,15,1,59,23,31,24,43,57,9,44,56,33,48,37,51,49,40,17,16,34,19,45,18,52,0,21,26,3,30,35,38,4,29,7,53,47,39,27,5,8,55,11,54,46,20,41,13,36,22,14,10,2,28,42,6,12,32,50,58
3,1390,47,24,19,48,33,12,13,34,26,30,56,39,51,58,16,50,9,41,43,52,32,0,23,10,27,37,4,18,1,3,11,54,8,5,6,42,17,38,36,44,28,40,2,53,35,15,31,59,7,22,25,14,45,55,57,21,20,29,46,49
4,5866,26,14,27,44,55,31,38,9,4,23,5,2,58,48,54,13,22,6,8,16,7,25,21,47,34,50,37,3,10,11,30,24,1,57,29,32,12,35,41,0,45,40,49,59,43,53,36,46,56,17,15,18,51,33,20,19,39,28,42,52
5,4054,48,12,1,49,22,52,17,28,31,56,41,9,23,21,8,40,5,13,19,29,42,3,51,32,34,4,35,7,59,14,0,15,10,20,18,43,36,46,39,38,45,16,57,55,50,26,37,25,30,33,27,24,2,6,47,54,11,44,53,58
6,6592,15,21,41,0,24,42,14,23,53,32,13,18,34,8,49,55,6,3,37,46,58,4,1,47,27,52,11,10,30,26,17,28,44,22,48,2,51,50,56,25,9,31,33,36,20,59,45,5,16,19,7,43,40,35,57,54,12,29,38,39
7,3267,39,50,3,11,34,55,30,57,21,54,59,46,23,36,26,16,44,4,18,2,22,37,43,15,20,41,35,56,28,24,6,42,47,0,17,52,48,29,25,14,13,49,1,5,10,53,19,27,31,33,38,12,51,58,9,32,8,7,40,45
8,100,17,7,13,49,47,32,33,48,58,4,6,38,57,23,45,41,0,55,15,24,16,20,29,56,9,12,46,36,52,26,44,34,37,42,40,50,54,27,28,59,22,5,21,31,19,43,51,2,8,11,14,18,30,3,1,10,25,35,39,53
9,5660,50,47,9,22,0,31,24,39,57,10,13,49,46,58,4,15,23,5,12,42,55,45,2,1,48,25,6,19,38,40,32,20,3,56,17,52,37,53,44,11,7,14,51,41,16,27,8,28,35,33,21,36,43,30,54,29,59,34,26,18
10,1740,38,6,52,0,9,23,28,42,34,16,29,50,33,44,4,41,3,37,7,27,56,58,36,13,43,26,19,30,55,18,31,10,46,24,48,49,25,14,53,8,1,59,45,21,40,22,20,47,32,17,51,57,54,15,2,5,11,12,35,39
11,2785,4,24,19,41,10,6,21,27,45,15,58,23,7,22,36,38,59,29,55,17,1,52,53,0,56,44,47,2,57,54,31,14,8,35,20,49,51,50,28,33,39,13,46,48,40,18,9,43,11,32,12,3,34,37,42,16,5,25,26,30
12,0,35,50,22,15,36,16,47,53,42,27,14,39,20,1,19,24,31,3,5,9,51,52,40,37,0,38,55,48,33,46,56,29,41,49,2,44,57,32,54,17,10,12,7,11,21,6,26,13,4,28,23,45,58,59,25,30,8,18,34,43
13,3904,21,43,10,41,29,3,39,32,51,16,26,35,25,8,28,11,20,44,23,48,55,50,57,47,52,46,13,59,58,42,6,0,36,15,56,54,40,49,45,30,38,9,12,24,14,7,34,5,33,27,18,53,31,17,2,37,19,1,22,4
14,2075,4,26,53,18,1,11,49,59,3,14,19,22,55,5,15,57,0,52,54,21,38,13,32,48,33,43,46,17,28,36,10,39,20,58,30,29,47,40,50,24,45,23,41,6,27,42,37,44,35,16,51,7,2,34,8,9,25,31,12,56
15,724,25,34,29,23,35,15,50,2,28,42,21,26,32,1,11,8,19,47,51,27,7,14,43,53,48,37,17,41,44,46,9,55,59,10,39,36,22,18,6,57,40,33,31,3,49,20,13,5,0,38,56,30,58,4,54,12,16,24,52,45
16,3285,53,40,36,4,46,34,38,24,42,33,10,3,56,21,13,58,5,59,45,57,52,30,25,37,0,29,15,20,26,11,16,8,6,18,7,22,43,9,54,23,39,17,27,44,48,49,55,1,14,51,41,19,12,35,47,28,2,31,32,50
17,0,10,14,33,53,47,42,39,4,8,38,2,49,9,13,7,40,22,54,35,21,15,19,18,59,26,16,32,1,41,36,0,34,30,29,58,3,17,43,28,12,56,24,50,6,45,52,46,44,57,11,25,5,20,37,48,55,27,23,51,31
18,767,4,59,47,48,14,44,33,16,9,52,3,42,19,30,15,25,2,41,58,39,0,45,5,54,11,37,27,35,6,7,24,32,18,53,17,29,50,43,46,20,51,10,55,56,38,22,34,13,31,57,21,36,40,26,1,28,49,23,12,8
19,0,33,0,5,7,27,52,36,37,29,9,42,22,10,55,34,39,38,14,32,31,24,1,30,46,17,8,2,41,56,58,45,26,54,49,47,43,15,59,11,23,4,16,19,35,50,25,6,48,57,51,44,40,13,20,53,21,18,3,28,12
20,1757,28,56,39,53,8,9,11,18,59,49,54,14,36,33,17,15,1,7,45,50,22,43,16,19,38,25,47,40,0,24,55,57,29,20,26,27,5,35,42,2,6,44,21,12,30,41,4,13,10,48,32,46,23,34,58,3,31,52,37,51
21,0,17,7,23,27,36,50,40,39,6,20,30,56,37,33,13,0,32,12,10,59,42,52,11,38,51,22,45,26,46,18,57,58,49,19,16,15,54,29,34,41,8,3,48,44,9,55,1,2,21,28,4,24,25,14,35,31,5,47,43,53
22,0,41,43,48,13,57,20,58,8,10,50,1,53,3,19,6,42,21,35,2,17,15,27,4,5,18,28,51,9,47,24,52,38,39,31,16,29,25,45,59,44,32,26,37,23,33,54,0,36,14,40,34,7,11,49,22,56,46,12,55,30
23,0,25,50,8,28,6,1,16,13,0,41,3,52,21,48,5,18,31,20,24,53,32,54,33,11,42,55,43,10,30,27,57,51,7,36,46,38,44,14,4,17,40,29,37,19,45,9,2,22,26,23,59,56,39,15,35,34,58,49,12,47
24,761,44,11,21,54,43,35,37,4,58,9,57,39,10,26,27,42,5,38,8,13,19,2,51,25,12,22,3,23,48,16,1,29,14,36,28,30,53,32,52,59,45,31,55,33,6,15,18,34,50,17,56,41,47,40,20,49,46,0,7,24
25,0,27,3,45,34,38,19,32,46,43,49,54,25,51,42,30,5,20,37,14,16,9,52,22,23,47,56,18,12,40,33,1,36,7,6,24,21,28,11,39,53,50,48,58,17,41,4,55,0,31,8,10,15,26,13,59,44,2,35,57,29
26,0,51,17,48,36,31,34,56,49,22,59,47,28,52,2,38,54,57,24,3,39,42,21,32,30,16,11,27,41,0,25,33,26,55,9,46,50,6,37,23,29,13,43,10,35,58,20,40,44,7,14,18,5,19,8,53,1,4,12,45,15
27,0,40,48,11,3,29,32,0,59,8,37,58,31,51,38,41,7,14,44,53,13,6,22,25,4,34,33,16,17,43,50,56,23,36,1,42,54,45,19,47,15,52,39,28,49,21,20,55,26,18,5,35,30,57,9,46,27,24,12,2,10
28,0,11,48,18,25,30,0,8,46,45,26,21,2,23,10,51,43,29,15,40,16,58,53,32,17,22,52,12,19,3,35,36,13,5,39,31,4,50,14,34,9,49,20,27,7,38,42,1,44,6,56,24,54,37,41,33,57,55,47,28,59
29,0,51,23,18,40,13,46,4,35,42,27,26,32,5,21,10,14,9,30,58,28,43,0,7,19,36,15,59,22,48,20,29,17,50,54,33,2,47,3,24,56,41,6,37,52,12,25,31,53,57,1,55,49,45,34,44,16,8,38,39,11
30,0,23,51,9,39,8,57,15,19,37,0,28,17,5,32,13,27,45,49,11,53,58,41,55,33,29,2,52,31,47,54,1,25,30,3,7,22,4,18,35,24,20,14,44,38,6,40,34,59,36,21,26,48,43,46,12,10,42,56,50,16
31,0,57,14,41,10,51,35,19,40,16,46,29,9,31,48,15,11,54,49,21,17,4,18,32,43,20,47,37,6,23,28,24,3,45,36,8,44,12,59,38,22,2,13,26,58,25,7,34,56,27,0,33,30,50,53,55,42,39,1,5,52
32,0,49,30,29,24,56,31,9,21,13,38,50,51,44,55,48,34,39,43,3,8,4,46,15,23,58,35,32,19,53,45,10,41,20,54,5,33,40,6,42,25,22,18,11,17,36,1,52,0,14,7,59,16,28,27,12,2,26,37,57,47
33,0,12,20,26,38,43,31,33,48,16,5,51,18,52,42,37,57,29,2,56,55,54,30,15,34,40,24,8,27,36,35,46,14,44,47,10,32,50,49,53,41,23,22,21,4,1,0,45,6,19,11,25,58,9,13,17,3,28,7,59,39
34,0,35,33,46,25,29,55,8,5,54,49,27,24,20,50,10,48,38,53,7,57,4,6,15,1,9,28,39,51,19,0,16,59,44,3,2,58,17,31,30,52,36,18,32,42,34,23,14,12,47,45,43,37,26,56,22,21,41,40,13,11
35,0,42,17,33,5,53,51,36,8,43,3,54,7,50,0,25,45,57,23,59,24,58,6,29,46,34,55,41,47,49,35,28,27,26,16,48,4,21,40,30,2,56,9,14,10,12,32,19,13,37,22,31,44,11,52,1,38,39,15,20,18
36,0,37,48,16,11,55,18,6,28,12,33,7,38,26,3,50,45,14,30,49,39,9,35,27,40,19,13,25,0,10,36,51,52,1,43,8,54,56,21,41,46,29,31,17,57,58,22,5,44,47,15,34,59,23,4,53,42,32,20,24,2
37,0,31,33,13,56,6,36,51,22,10,50,25,14,12,2,59,47,44,20,57,0,9,19,52,16,1,46,35,40,41,26,55,48,24,38,4,21,7,32,15,30,28,29,42,37,45,39,18,3,43,27,5,58,17,34,23,11,53,49,8,54
38,0,22,27,25,55,17,43,30,23,50,48,47,45,41,51,52,10,26,14,20,7,19,1,5,33,36,11,24,54,34,38,6,15,57,2,13,32,0,53,4,9,40,8,35,3,28,37,16,21,12,46,42,39,31,59,44,56,49,58,29,18
39,0,7,41,47,38,30,21,32,58,36,3,55,28,2,53,4,56,6,25,19,26,51,34,27,22,46,5,18,15,8,49,59,23,33,0,31,39,10,44,57,52,45,14,35,24,54,48,50,29,17,20,1,43,40,13,16,11,42,12,37,9
40,0,5,22,59,24,21,0,43,55,49,46,25,56,51,13,53,34,23,8,31,11,19,32,38,17,44,30,41,28,3,29,39,2,1,50,33,20,37,54,47,58,48,26,18,35,16,57,12,14,45,36,15,52,6,7,4,40,27,10,42,9
41,69102,22,30,2,37,31,36,46,34,38,16,57,4,3,39,43,17,28,41,50,35,21,49,19,27,51,10,20,23,56,40,42,24,13,8,29,9,26,44,32,52,0,48,33,53,12,15,14,6,18,47,1,54,55,11,7,59,58,5,45,25
42,57487,6,0,16,36,15,57,43,59,49,21,46,33,38,3,7,8,42,22,28,31,27,20,1,9,11,17,47,23,48,35,5,14,13,50,29,45,40,58,44,30,10,32,2,18,4,37,39,51,55,52,24,56,41,34,26,54,12,19,25,53
43,145310,2,35,18,55,25,27,48,54,46,40,36,52,20,24,5,26,42,31,6,14,3,51,1,53,38,34,16,50,19,7,21,32,39,41,37,17,44,8,45,59,13,4,28,29,15,0,9,56,30,11,47,33,58,22,10,23,49,12,57,43
44,35166,56,48,20,5,31,40,13,59,49,37,0,57,47,43,4,2,6,9,27,42,11,39,58,55,54,36,19,24,21,14,52,7,51,34,33,17,32,10,28,30,35,45,18,46,53,12,8,25,15,41,29,16,1,50,26,44,38,22,23,3
45,58935,39,5,41,0,16,56,35,42,47,43,1,46,34,53,54,59,55,48,9,15,17,21,11,10,24,7,45,58,57,37,4,27,22,29,18,26,36,31,28,40,51,2,50,20,49,23,3,52,8,6,33,12,14,13,19,30,32,44,25,38
46,34764,21,59,48,40,1,27,12,17,57,6,24,2,18,49,19,28,47,15,39,29,36,4,34,58,8,42,45,16,22,51,0,14,38,52,50,32,5,10,53,7,25,44,23,20,55,33,31,11,3,54,41,13,35,9,46,30,37,26,56,43
47,72853,38,50,53,41,1,52,0,49,37,27,30,9,10,14,24,59,35,47,19,6,16,45,26,36,44,51,40,2,11,32,39,8,58,56,48,54,33,7,5,43,17,15,46,22,18,3,55,34,25,42,23,31,57,20,12,4,29,13,21,28
48,64612,53,26,7,36,21,2,8,5,29,43,18,11,44,30,50,45,34,32,59,48,10,38,27,57,15,1,0,37,47,54,55,17,9,56,16,46,40,6,3,23,51,58,14,52,24,25,4,42,22,12,19,28,33,39,35,31,41,20,49,13
49,77449,31,9,39,41,35,13,45,11,55,58,22,38,23,28,14,40,19,48,16,49,29,32,54,34,24,57,15,47,6,43,2,52,30,27,56,44,36,26,7,8,4,17,53,5,42,3,50,25,0,46,37,12,33,10,51,21,1,18,59,20
50,31092,11,10,9,38,45,35,48,36,23,46,25,43,16,1,14,33,6,57,8,31,37,53,49,30,5,0,3,21,13,55,22,44,50,42,24,59,26,4,15,51,18,58,29,56,19,17,54,12,41,34,47,40,39,32,52,27,28,7,20,2
51,49208,10,3,20,6,47,13,18,36,22,39,29,8,56,34,7,50,42,59,17,27,11,43,30,4,24,45,49,48,2,16,28,53,51,35,41,15,0,38,32,57,25,31,9,52,55,14,1,23,26,58,37,19,12,54,33,21,46,44,5,40
52,93045,3,7,49,56,14,58,27,21,46,25,20,59,38,4,0,54,29,34,42,2,15,50,13,52,24,28,57,40,16,6,8,10,36,43,30,1,48,19,37,26,11,32,55,17,22,23,35,45,44,5,31,53,47,39,12,33,41,51,18,9
53,84841,56,5,24,37,34,14,54,47,53,43,8,13,32,36,50,20,45,28,9,35,19,41,29,42,40,39,51,22,16,10,46,3,7,58,57,59,1,48,55,6,18,25,30,49,44,23,33,15,38,2,0,52,26,27,31,17,12,11,4,21
54,118809,23,58,43,2,9,15,0,48,39,22,8,45,5,3,18,49,32,20,7,10,29,11,21,57,13,14,24,26,42,28,51,34,55,52,46,36,6,35,4,17,44,40,27,53,54,25,30,12,37,56,38,47,59,41,16,50,1,33,19,31
55,64315,24,19,36,38,43,46,13,40,35,45,39,7,52,57,20,37,27,29,49,16,15,41,53,5,3,34,50,25,23,47,10,55,11,59,28,2,48,30,22,9,58,1,44,8,4,0,56,17,42,32,12,6,14,51,54,18,31,21,26,33
56,74889,0,28,6,21,39,27,31,9,4,32,44,25,5,16,56,20,53,3,11,19,47,59,37,38,50,48,18,57,24,26,13,54,7,36,51,14,29,23,22,35,1,15,42,52,43,30,55,17,10,46,40,33,2,12,41,45,49,8,58,34
57,63514,32,11,36,17,33,2,15,7,58,10,44,57,20,14,25,18,34,16,38,45,50,19,35,52,43,9,41,28,1,5,49,4,13,8,54,46,39,6,31,27,23,37,51,55,48,42,24,53,21,0,30,59,12,26,3,22,29,40,56,47
58,45322,21,52,15,42,30,28,5,6,48,59,23,32,20,0,4,10,54,17,3,1,35,31,12,47,45,43,19,38,53,2,29,27,13,8,39,25,22,36,26,40,55,58,14,44,49,51,18,34,9,41,46,37,7,56,33,11,24,57,16,50
59,50999,2,4,30,22,37,56,47,49,8,59,51,25,46,27,11,48,40,20,6,39,14,34,9,5,28,31,55,57,36,53,42,41,18,24,52,38,23,16,29,19,15,21,45,10,0,54,12,50,3,13,44,35,43,1,7,33,58,32,26,17
60,60765,31,16,39,49,10,52,58,36,22,8,11,37,17,9,47,1,44,55,40,48,0,43,26,14,23,42,18,21,20,59,30,27,19,2,6,50,56,57,46,33,25,51,35,34,24,3,32,5,28,54,41,13,12,15,53,45,38,7,29,4
61,75916,26,17,57,41,54,43,27,34,46,53,30,20,2,25,7,45,32,48,44,42,10,23,9,56,59,3,39,40,50,38,58,15,22,31,49,19,16,51,6,1,55,5,28,21,36,33,37,12,11,8,29,14,47,0,18,4,35,24,52,13
62,44769,23,42,16,37,30,6,49,44,32,46,24,36,18,9,52,54,50,35,22,21,25,3,14,38,58,1,27,26,39,47,19,4,29,55,12,2,15,53,5,20,0,45,31,51,34,43,56,11,41,28,57,48,7,40,10,17,8,13,59,33
63,75317,31,2,44,48,53,6,57,56,34,52,7,42,32,40,59,28,38,55,13,18,49,47,3,43,23,5,9,41,24,58,51,4,11,26,33,36,22,8,15,1,14,30,27,39,25,21,37,17,54,0,10,29,12,45,50,35,46,19,20,16
64,92572,45,24,4,48,43,21,46,29,23,5,10,35,8,38,47,39,36,15,19,55,56,44,3,58,25,57,31,7,40,0,22,27,52,12,50,41,16,18,59,42,14,13,53,30,37,54,33,49,11,51,6,9,17,26,34,2,20,1,28,32
65,126696,18,17,46,58,52,8,16,26,50,1,20,23,10,3,28,31,34,38,5,41,2,29,57,24,47,51,7,25,27,19,45,32,49,0,4,48,39,30,36,33,15,21,13,40,54,9,42,53,43,35,14,11,44,12,6,22,59,56,55,37
66,59685,6,53,20,43,23,59,14,9,5,16,50,30,45,21,36,19,31,17,48,25,44,3,28,1,0,35,52,40,32,13,24,55,49,38,11,33,46,37,10,18,54,8,41,2,51,39,34,7,42,29,26,56,22,15,57,12,58,27,4,47
67,29390,18,43,29,33,57,15,36,50,19,1,12,11,35,14,52,0,10,32,58,13,6,44,46,55,49,25,53,41,54,16,39,5,59,20,3,30,38,56,27,40,26,51,48,22,9,4,47,31,37,23,21,28,17,24,7,34,42,2,8,45
68,22120,10,46,24,18,57,9,52,39,44,32,11,1,48,27,33,54,15,58,0,37,29,36,53,59,40,13,55,42,8,56,25,5,4,22,28,26,45,49,23,21,34,2,17,19,51,20,50,31,14,7,41,12,35,6,38,16,30,47,3,43
69,71118,28,40,56,2,31,25,13,20,51,14,54,5,44,4,53,42,24,26,33,47,11,36,9,55,7,41,34,43,46,3,17,18,45,37,48,50,52,39,0,19,16,35,59,49,22,8,6,21,10,29,32,38,58,12,30,15,23,27,1,57
70,75102,21,7,45,20,35,0,29,28,5,16,57,26,6,31,42,15,49,44,43,8,58,33,40,54,38,39,52,48,51,12,14,50,10,22,34,41,4,18,32,25,9,13,19,56,36,53,47,1,3,27,37,17,11,59,2,23,24,46,55,30
71,145007,36,25,24,53,18,11,55,4,31,33,16,37,41,49,29,42,10,34,22,26,59,56,47,19,44,38,17,28,2,21,50,30,57,54,46,48,1,32,0,7,35,15,13,6,40,3,8,58,9,20,27,52,12,14,45,39,5,23,43,51
72,43286,14,48,3,57,19,51,30,10,7,22,56,43,4,41,59,17,58,0,38,33,28,27,35,55,42,24,39,2,40,16,32,45,26,20,11,46,25,54,29,44,36,31,9,49,18,53,47,1,34,6,13,52,15,8,12,23,5,50,21,37
73,28785,21,11,19,18,22,46,34,20,43,55,59,51,45,52,7,44,33,9,41,36,3,30,23,25,26,28,58,27,29,10,4,37,14,6,12,16,49,38,40,0,50,5,48,47,1,42,57,31,15,35,39,13,2,17,32,53,56,24,54,8
74,29777,31,11,35,10,46,25,0,37,57,33,14,3,17,44,42,39,9,5,6,48,24,26,45,53,12,20,2,27,41,13,34,36,8,40,38,18,50,55,59,52,49,56,43,29,7,30,15,16,28,54,32,47,1,4,19,51,23,58,21,22
75,21602,36,40,31,33,22,44,51,17,20,49,58,5,21,8,0,19,16,3,52,43,10,26,53,28,27,56,7,59,2,41,23,1,42,29,14,6,30,38,55,35,48,37,12,24,54,34,50,15,9,39,4,32,47,57,13,11,25,18,45,46
76,53555,5,14,43,40,48,22,8,4,31,51,47,16,58,2,45,18,56,53,44,19,12,3,33,54,50,36,15,13,37,30,20,10,46,9,6,38,59,39,26,0,52,32,1,7,24,11,55,29,41,28,27,34,23,17,57,21,35,49,25,42
77,31817,30,27,40,3,1,4,59,46,15,5,17,44,20,24,12,34,56,23,8,48,41,35,29,13,54,14,45,49,2,7,9,0,21,37,55,10,38,57,11,51,28,32,18,19,53,47,36,33,31,39,6,22,25,26,50,16,58,42,52,43
78,19462,47,27,40,42,38,24,51,1,58,6,50,16,39,36,26,7,56,9,2,41,52,13,57,43,49,8,4,30,45,0,10,14,17,15,37,23,19,22,55,3,12,5,11,48,46,25,29,34,31,33,53,32,35,44,28,18,20,54,59,21
79,114999,37,54,46,57,6,42,20,49,12,35,50,53,34,4,15,18,7,16,48,41,59,51,10,8,39,43,14,11,36,45,13,21,3,19,17,31,38,9,5,30,40,47,33,56,52,23,2,22,32,0,1,58,44,26,24,25,28,29,55,27
80,18157,42,46,39,45,37,24,1,53,50,2,26,12,54,19,15,43,38,44,17,41,5,36,29,9,32,22,23,10,59,34,31,7,56,49,18,4,14,58,40,28,3,25,8,33,57,47,48,55,16,6,0,11,20,27,13,51,52,35,21,30
81,383485,41,36,26,50,30,8,39,33,44,40,19,7,35,32,53,20,16,48,13,38,9,51,54,37,42,1,28,21,27,31,43,24,58,45,46,55,4,29,11,47,23,17,52,5,0,57,12,22,15,6,14,18,25,59,2,49,34,56,3,10
82,409479,28,20,16,30,32,6,58,34,47,36,48,17,38,14,53,18,55,0,15,4,49,9,52,2,44,26,43,42,59,13,57,40,19,23,33,41,10,25,31,21,51,29,7,35,39,56,22,54,8,45,12,37,5,46,50,24,27,11,1,3
83,458752,39,43,26,45,44,22,41,29,5,20,18,1,57,30,36,37,47,24,33,15,58,54,51,56,40,2,31,46,21,28,55,4,6,35,23,34,10,17,14,13,48,11,59,7,27,12,42,50,52,0,16,19,8,3,49,25,32,9,53,38
84,329670,29,45,30,49,48,46,52,56,47,36,34,8,33,0,59,22,20,53,28,23,2,54,19,24,7,4,26,13,27,32,39,50,3,1,16,6,35,21,31,17,41,14,25,12,57,15,11,9,37,18,43,58,42,38,55,5,10,40,44,51
85,554766,33,11,17,40,51,1,26,39,16,52,41,14,35,58,20,22,4,3,27,57,9,8,5,34,30,15,28,37,47,50,59,31,21,18,53,43,36,23,19,48,55,32,54,38,49,10,46,25,45,12,2,0,13,44,24,6,29,56,42,7
86,361417,2,37,46,6,30,48,4,16,36,24,32,29,51,1,42,33,40,15,18,5,8,20,17,38,14,11,3,39,9,43,0,57,58,28,10,12,23,52,25,41,56,26,44,54,13,55,59,22,34,35,19,21,47,31,49,27,53,50,7,45
87,398551,23,7,27,42,41,11,53,21,34,52,36,26,55,59,24,19,39,6,47,14,5,35,45,49,10,3,43,9,40,56,30,29,38,28,8,44,20,48,25,15,33,12,31,37,18,17,2,0,50,51,58,13,16,46,1,57,4,22,32,54
88,433186,17,13,55,56,1,22,15,23,37,33,19,36,7,54,3,34,18,44,27,46,51,48,30,53,11,38,42,45,0,40,58,29,35,5,9,16,2,6,20,28,49,41,14,59,8,25,43,26,50,12,57,4,47,21,39,24,52,32,10,31
89,410092,59,47,35,38,46,24,6,23,53,26,16,50,43,14,21,39,36,22,5,2,33,13,49,10,44,41,25,29,17,15,7,54,9,42,57,58,30,51,48,3,45,20,52,12,4,40,1,28,37,32,19,55,34,27,11,8,31,56,0,18
90,401653,13,16,1,31,19,29,48,45,50,57,6,10,14,3,7,23,24,59,52,49,38,11,58,4,32,42,35,53,8,34,37,22,27,5,33,54,12,0,25,17,56,21,41,46,18,28,15,47,20,55,39,30,51,9,26,36,2,40,44,43
91,339933,23,13,43,51,41,36,17,15,9,8,21,27,40,32,3,38,46,4,18,1,39,19,42,58,33,45,24,25,7,56,26,2,48,6,22,59,55,10,11,31,29,34,20,5,12,14,28,54,30,50,57,44,49,16,53,47,52,35,0,37
92,361152,34,3,14,53,15,36,55,11,4,48,13,9,49,2,45,24,23,22,59,56,6,57,47,43,41,52,33,7,38,25,51,40,17,21,10,8,35,0,30,37,12,44,28,20,50,1,42,5,46,39,58,18,29,32,31,54,27,19,26,16
93,403423,14,58,40,41,22,30,1,19,29,10,21,13,50,36,37,39,9,57,6,23,52,3,26,4,25,34,55,16,53,24,54,46,11,27,49,8,38,48,2,59,18,45,7,12,56,33,5,51,44,32,15,42,20,43,17,31,0,28,47,35
94,332941,28,18,32,31,26,51,50,47,57,48,16,54,23,49,9,1,30,27,25,44,33,17,13,21,35,41,2,22,40,12,3,38,29,39,52,56,43,19,11,0,6,14,37,58,24,34,20,7,55,42,8,10,59,36,46,53,4,5,15,45
95,516926,51,52,16,21,14,24,39,45,5,6,41,32,42,30,20,29,37,56,1,11,28,34,31,48,27,2,17,36,43,38,50,59,8,49,10,13,25,44,12,15,57,53,3,55,47,46,26,22,54,33,9,4,40,18,19,0,7,35,58,23
96,455448,45,0,44,43,36,31,7,32,47,38,18,1,42,56,28,25,30,33,5,48,8,40,6,35,46,16,10,26,20,19,58,11,24,14,57,29,34,41,21,27,55,37,13,15,12,50,4,53,59,9,51,3,2,54,17,52,23,49,22,39
97,407590,28,57,55,15,51,7,11,21,22,38,30,5,43,37,2,46,31,39,49,40,20,4,53,42,18,25,17,41,27,23,48,54,14,19,50,6,26,24,8,33,52,58,13,29,47,34,12,1,10,16,56,3,32,45,36,0,9,59,35,44
98,520582,23,55,52,1,20,51,42,27,2,59,50,54,12,24,31,30,43,34,28,47,46,25,0,48,35,11,57,45,3,58,9,15,53,7,5,40,16,49,41,22,8,26,4,21,6,10,33,56,17,14,32,18,13,19,44,29,38,36,37,39
99,363518,49,50,39,32,29,24,6,21,41,48,56,5,3,31,14,10,1,47,19,15,42,37,45,9,16,4,7,55,36,12,28,18,33,25,20,40,34,51,13,58,22,44,54,2,30,57,59,53,27,46,35,8,52,26,38,0,17,43,23,11
100,431736,18,14,25,20,56,2,35,48,36,46,32,26,58,9,51,53,3,16,7,59,10,41,17,37,57,30,28,11,47,0,49,52,31,6,29,21,43,42,38,33,24,27,45,19,12,5,44,54,55,15,13,40,22,39,4,34,23,1,50,8
101,352990,34,32,13,22,54,25,8,41,24,51,27,52,43,15,31,57,44,55,20,58,28,2,48,1,26,3,38,6,39,47,30,23,11,10,59,42,9,50,17,5,12,53,21,35,7,14,18,33,16,56,4,37,36,46,45,29,49,0,40,19
102,492572,3,41,8,14,13,55,46,31,59,40,26,45,48,18,53,44,20,38,15,10,37,6,49,25,24,35,29,50,56,11,22,12,33,52,19,0,54,21,5,34,28,42,51,23,4,9,2,7,1,32,27,58,30,16,43,36,47,57,17,39
103,378602,41,17,34,3,38,1,18,31,53,14,39,2,21,52,59,50,36,8,25,55,44,4,47,13,56,46,40,48,58,45,6,16,19,29,20,22,54,12,28,24,27,43,11,32,57,5,23,49,7,35,33,37,15,30,26,10,42,9,0,51
104,357963,37,41,56,4,38,3,32,50,31,48,35,52,57,42,7,21,49,51,9,25,39,27,13,0,40,16,43,26,15,34,46,29,28,20,14,8,1,54,45,17,12,59,23,58,6,22,18,47,10,33,36,53,44,30,5,55,11,19,24,2
105,450806,57,17,18,25,14,5,22,41,54,49,42,45,38,7,37,59,19,24,6,30,43,9,16,35,11,31,47,13,29,53,32,4,40,12,10,46,15,48,2,23,51,8,20,55,28,33,39,56,34,52,27,50,21,44,58,1,36,26,0,3
106,454379,52,56,13,55,10,4,39,38,30,17,7,8,42,54,34,29,6,58,48,5,22,32,18,9,31,21,2,26,59,1,35,45,41,14,0,44,53,27,50,43,12,19,37,20,23,11,47,28,24,49,33,57,46,40,36,25,15,3,16,51
107,352766,15,47,25,8,5,54,42,41,26,43,36,50,37,49,27,11,22,13,55,4,39,18,45,51,9,30,48,35,44,34,31,57,56,14,46,7,23,6,12,58,10,20,16,32,1,19,38,33,59,3,17,29,21,53,2,24,40,0,52,28
108,460793,46,58,53,43,13,19,40,29,50,25,59,56,39,5,8,35,41,21,18,27,45,17,57,51,12,48,24,16,2,1,7,30,44,10,0,42,31,47,49,26,11,54,23,3,52,55,9,33,15,22,36,32,38,34,6,20,28,4,37,14
109,413004,26,48,28,40,17,50,52,34,11,41,44,10,6,29,14,49,30,13,47,18,57,27,32,45,37,23,2,16,35,58,5,54,38,7,8,31,12,1,59,24,39,4,46,53,42,43,55,56,51,19,3,15,21,25,9,33,0,22,20,36
110,418769,14,44,39,24,53,6,46,54,48,35,19,16,32,43,47,21,49,22,15,30,45,38,3,13,27,40,41,42,26,56,0,55,34,4,51,31,23,5,29,57,18,12,11,52,7,2,8,33,10,50,17,37,1,36,28,59,58,20,25,9
111,342752,18,28,20,17,54,43,48,24,12,32,22,38,15,11,58,29,10,41,26,55,19,57,5,52,2,56,23,1,42,3,9,37,50,4,47,35,45,40,39,6,30,16,49,53,31,7,13,59,51,14,44,36,46,33,25,21,34,0,27,8
112,367110,49,56,28,57,35,55,8,14,2,18,48,37,34,21,23,4,52,22,10,11,54,50,17,19,39,9,46,24,30,31,36,47,41,29,38,3,12,1,20,0,13,5,59,44,45,27,26,16,43,32,6,58,51,25,40,15,33,42,7,53
113,259649,45,46,52,4,41,29,15,38,28,59,18,20,50,53,35,7,3,8,51,23,34,31,9,6,12,32,49,27,1,16,39,54,44,37,2,43,22,47,30,26,56,21,11,5,24,14,48,36,40,55,17,19,13,58,42,33,10,25,57,0
114,463474,11,3,43,52,21,7,17,23,47,48,18,40,24,44,56,33,32,9,27,20,59,16,10,42,22,37,58,28,39,41,45,19,31,12,2,57,15,53,6,51,46,1,0,30,14,8,35,4,25,55,26,34,5,36,54,49,29,38,50,13
115,456890,2,6,30,13,32,22,14,52,44,53,33,7,3,10,56,17,16,29,42,46,28,5,40,34,20,24,54,57,26,41,11,23,45,31,35,48,43,49,55,19,21,8,58,47,9,50,4,51,39,12,59,15,38,25,36,37,27,1,0,18
116,530601,59,21,57,3,11,55,13,15,58,47,44,23,30,48,51,26,7,39,5,37,42,43,14,54,1,53,56,41,6,28,50,40,0,27,22,20,29,2,18,4,12,38,34,46,25,52,35,31,32,49,45,8,36,16,10,17,9,19,33,24
117,502840,45,18,9,13,43,48,5,27,44,49,52,17,34,33,41,3,30,32,55,12,46,23,59,35,15,58,20,1,2,28,51,56,6,50,54,38,16,4,42,21,19,47,14,25,24,26,11,10,22,31,7,39,29,53,57,40,37,8,36,0
118,349749,15,53,40,1,41,49,47,4,33,9,23,30,39,17,50,8,0,34,13,20,26,10,12,38,57,28,16,58,19,29,59,45,24,5,7,42,25,37,32,6,36,56,48,52,51,27,21,31,54,44,3,11,43,35,22,14,46,2,55,18
119,573046,32,15,17,22,4,19,33,6,51,10,35,37,14,54,48,5,58,40,1,23,57,42,59,38,16,56,29,25,8,52,13,26,34,46,18,30,12,2,47,9,11,20,43,53,49,28,44,7,27,50,55,45,21,36,39,41,31,24,3,0
120,396183,17,12,54,51,21,27,30,26,19,44,18,24,14,34,13,38,23,33,48,52,32,15,55,41,22,40,35,2,43,8,5,6,29,9,0,25,49,47,10,37,50,20,53,59,1,4,7,28,11,39,3,36,31,42,58,46,57,56,45,16